drug,pt,a,prr,ror,ror_lower95,chi2_yates,is_signal
SEMAGLUTIDE,NAUSEA,1043,3.582,4.005,3.744,1896.86,t
SEMAGLUTIDE,PANCREATITIS,53,3.312,3.329,2.521,78.63,t
DUPILUMAB,CONJUNCTIVITIS,286,8.587,8.633,7.292,904.49,t
LISINOPRIL,ANGIOEDEMA,28,73.704,82.833,55.482,1855.54,t
WARFARIN,INTERNATIONAL NORMALISED RATIO INCREASED,23,918.327,1142.779,692.053,15993.32,t
CLOZAPINE,NEUTROPHIL COUNT DECREASED,51,12.134,12.486,9.387,487.28,t
ISOTRETINOIN,DRY SKIN,61,4.359,4.525,3.493,154.11,t
LENALIDOMIDE,NEUTROPENIA,208,5.539,5.695,4.932,712.77,t
ADALIMUMAB,INJECTION SITE PAIN,61,0.721,0.717,0.556,6.39,f
METFORMIN,LACTIC ACIDOSIS,395,351.666,531.319,454.419,69016.38,t
