drug,pt,a,prr,ror_lower95,chi2_yates
ADALIMUMAB,CROHN^S DISEASE,175,12.546,11.181,1665.96
ADALIMUMAB,RHEUMATOID ARTHRITIS,122,6.828,5.836,568.88
ADALIMUMAB,PRODUCT STORAGE ERROR,116,7.432,6.313,601.53
ADALIMUMAB,DEVICE ISSUE,112,4.212,3.560,263.05
ADALIMUMAB,THERAPEUTIC PRODUCT EFFECT DECREASED,95,10.072,8.336,704.85
ADALIMUMAB,ABDOMINAL PAIN,91,2.149,1.765,54.33
DUPILUMAB,PRURITUS,7628,9.463,10.712,26829.53
DUPILUMAB,DERMATITIS ATOPIC,4989,122.986,122.526,36092.76
DUPILUMAB,INJECTION SITE PAIN,4575,7.340,7.694,13136.45
DUPILUMAB,PRODUCT USE IN UNAPPROVED INDICATION,3804,7.024,7.219,10487.14
DUPILUMAB,RASH,3711,4.380,4.479,6330.23
DUPILUMAB,DRY SKIN,3155,18.317,18.330,15472.31
SEMAGLUTIDE,NAUSEA,1043,3.582,3.744,1896.86
SEMAGLUTIDE,VOMITING,646,3.794,3.737,1271.06
SEMAGLUTIDE,WEIGHT INCREASED,604,6.364,6.267,2475.64
SEMAGLUTIDE,WEIGHT LOSS POOR,592,138.035,128.646,22821.90
SEMAGLUTIDE,DEVICE LEAKAGE,534,16.774,16.289,6079.69
SEMAGLUTIDE,DEVICE MALFUNCTION,493,9.610,9.264,3252.12
TIRZEPATIDE,NAUSEA,2861,4.119,4.464,5853.92
TIRZEPATIDE,DIARRHOEA,1733,2.502,2.515,1444.64
TIRZEPATIDE,INCORRECT DOSE ADMINISTERED,1560,6.470,6.552,5550.20
TIRZEPATIDE,VOMITING,1459,3.487,3.484,2260.51
TIRZEPATIDE,CONSTIPATION,1302,5.451,5.420,3781.47
TIRZEPATIDE,WEIGHT INCREASED,749,3.015,2.863,888.57
